panel_id,lab_name_1,value_1,units_1,ref_range_1,category_1,lab_name_2,value_2,units_2,ref_range_2,category_2,lab_name_3,value_3,units_3,ref_range_3,category_3
P001,Iron,190,mcg/dL,60-170,Metabolic,Uric acid,9.2,mg/dL,3.5-7.2,Metabolic,Systolic BP,158,mmHg,90-120,Cardiovascular
P002,Creatinine,2.1,mg/dL,0.6-1.3,Renal,BUN,38,mg/dL,7-20,Renal,eGFR,38,mL/min/1.73m2,>60,Renal
P003,ALT,110,U/L,7-56,Hepatic,AST,95,U/L,10-40,Hepatic,Bilirubin,2.3,mg/dL,0.1-1.2,Hepatic
P004,Glucose,168,mg/dL,70-99,Metabolic,Triglycerides,285,mg/dL,<150,Metabolic,HDL,32,mg/dL,>40,Metabolic
P005,TSH,6.8,uIU/mL,0.4-4.0,Endocrine,LDL,165,mg/dL,<100,Metabolic,CRP,12,mg/L,<3,Inflammatory
P006,Potassium,2.9,mmol/L,3.5-5.1,Electrolyte,Magnesium,1.4,mg/dL,1.7-2.2,Electrolyte,Calcium,7.8,mg/dL,8.5-10.5,Electrolyte
P007,WBC,15.2,K/uL,4.0-11.0,Hematologic,Neutrophils,82,%,40-60,Hematologic,Lactate,3.8,mmol/L,0.5-2.2,Metabolic
P008,Platelets,92,K/uL,150-450,Hematologic,INR,1.9,,0.8-1.2,Coagulation,Albumin,2.8,g/dL,3.5-5.0,Hepatic
P009,CK,980,U/L,20-200,Muscle,Creatinine,1.9,mg/dL,0.6-1.3,Renal,Potassium,5.8,mmol/L,3.5-5.1,Electrolyte
